PROJECT,YEAR,MONTH,DAY,PLOT_ID,PLOT_ID_ALT,PLOT_ID_AMERIFLUX,ECOREGION,CLUSTER,LATITUDE,LONGITUDE,ELEVATION,MAT_C,MAP,SITE_DESC,ASA,SPP_O1_ABBREV,SPP_O1_BASAL_AREA_FRACTION,SPP_O2_ABBREV,SPP_O2_BASAL_AREA_FRACTION,SPP_O3_ABBREV,SPP_O3_BASAL_AREA_FRACTION,SPP_O4_ABBREV,SPP_O4_BASAL_AREA_FRACTION,LAI_O,HEIGHTC,AG_BIOMASS_TREE_WOOD_AS_CARBON,AG_BIOMASS_TREE_FOLIAGE_AS_CARBON,AG_BIOMASS_TREE_TOTAL_AS_CARBON,AG_PROD_TREE_WOOD_AS_CARBON,AG_PROD_TREE_FOLIAGE_AS_CARBON,AG_PROD_TREE_TOTAL_AS_CARBON
,,,,,,,,,decimal degree,decimal degree,m,degree C,mm,,year,,percent,,percent,,percent,,percent,m2/m2,m,gC/m2,gC/m2,gC/m2,gC/m2/yr,gC/m2/yr,gC/m2/yr
RADAR,1999,6,1,801,none,US-Me4,Eastern Cascades Slopes and Foothills,Metolius River,44.4982,-121.6249,914,7.95,581,"10-15 m young trees with scattered 35-40 m old growth, very open in some areas",53,PINPON,100,none,0,none,0,none,0,2.1,12,8234,259,8493,62,65,126
RADAR,1999,5,27,802,none,none,Eastern Cascades Slopes and Foothills,Metolius River,44.5003,-121.6238,887,7.95,581,"mid-density, single-layer, 40m pipo canopy; dense ptaq understory",250,PINPON,100,none,0,none,0,none,0,1,33,11136,133,11269,63,33,96
RADAR,1999,6,3,803,none,none,Eastern Cascades Slopes and Foothills,Metolius River,44.4982,-121.6239,894,7.95,581,"dense, single-layer, 10m pipo canopy; sparse feid understory",56,PINPON,100,none,0,none,0,none,0,2.5,12,13542,363,13905,134,91,225
RADAR,1999,6,7,804,none,none,Eastern Cascades Slopes and Foothills,Metolius River,44.4508,-121.6324,917,7.8,510,"sparse layer 30m pipo with clumps of 5m pipo; patchy, dense putr/arpa understory",45,PINPON,100,none,0,none,0,none,0,1.7,12,14574,208,14782,163,52,215
RADAR,1999,6,1,805,none,none,Eastern Cascades Slopes and Foothills,Metolius River,44.4344,-121.6534,899,7.83,519,"mid-density, single-layer, 15m pipo; mid-density putr/feid understory",81,PINPON,100,none,0,none,0,none,0,2.4,14,5484,294,5777,122,73,195
RADAR,1999,6,16,806,none,none,Eastern Cascades Slopes and Foothills,Metolius River,44.4526,-121.6691,900,7.84,521,"dense, single-layer 10-20m pipo canopy; dense feid understory with sparse putr",80,PINPON,100,none,0,none,0,none,0,2,12,4510,302,4812,148,76,224
RADAR,1999,6,16,807,none,none,Eastern Cascades Slopes and Foothills,Metolius River,44.4537,-121.6663,897,7.84,521,"dense, dual-layer 10m and 20m mixed stand; dense feid understory",97,PINPON,49,LAROCC,40,PSEMEN,6,ABIGRA,5,3.2,18,6615,163,6778,164,84,248
RADAR,1999,6,17,808,none,none,Eastern Cascades Slopes and Foothills,Metolius River,44.4554,-121.6654,893,7.84,521,"mid-density, single-layer 20m pipo/laoc canopy; dense feid understory",83,LAROCC,73,PINPON,18,ABIGRA,6,PSEMEN,3,2.7,19,6591,113,6705,180,92,272
RADAR,1999,6,8,809,none,none,Eastern Cascades Slopes and Foothills,Metolius River,44.4478,-121.6879,917,7.84,521,"low-density, single-layer 15m pipo; dense feid understory with sparse putr",52,PINPON,100,none,0,none,0,none,0,0.9,13,1895,73,1968,87,18,106
RADAR,1999,6,9,810,none,none,Eastern Cascades Slopes and Foothills,Metolius River,44.4277,-121.5852,1129,7.9,482,"mid-density, single-layer 10m pipo canopy; dense putr/arpa understory",40,PINPON,100,none,0,none,0,none,0,3.2,9,1656,119,1776,93,30,123
RADAR,1999,6,10,811,none,US-Me2,Eastern Cascades Slopes and Foothills,Metolius River,44.4513,-121.5575,1233,7.16,600,"mid-density, single-layer 15m pipo canopy; mid-density putr understory",35,PINPON,100,none,0,none,0,none,0,2.1,14,5219,299,5518,139,75,214
RADAR,1999,6,15,812,none,none,Eastern Cascades Slopes and Foothills,Metolius River,44.4363,-121.7118,969,7.01,777,"dense, single-layer, 25m abgr canopy; mid-density herbaceous layer",-9999,ABIGRA,76,PINPON,24,none,0,none,0,4.3,23,12428,222,12650,611,69,680
RADAR,1999,6,8,813,none,none,Eastern Cascades Slopes and Foothills,Metolius River,44.4485,-121.6901,918,7.84,521,"sparse, single-layer canopy 30m laoc left after clearcutting; dense feid understory, heavy slash on ground ",-9999,LAROCC,70,PINPON,19,ABIGRA,11,none,0,0,28,1206,11,1217,26,16,42
RADAR,1999,6,14,814,none,none,Eastern Cascades Slopes and Foothills,Metolius River,44.4238,-121.7058,978,7.11,749,"dense, single-layer 20m abgr; mid-density herbaceous layer",-9999,PSEMEN,42,ABIGRA,30,PINPON,27,CALDEC,1,3.4,17,14514,212,14725,524,69,592
RADAR,1999,6,21,815,none,none,Eastern Cascades Slopes and Foothills,Metolius River,44.4309,-121.6629,906,7.68,563,"sparse layer of 40m pipo, patchy layer or 15m pipo; mid-density putr/arpa understory",93,PINPON,100,none,0,none,0,none,0,2.3,23,4050,224,4275,48,56,104
RADAR,1999,6,3,816,none,none,Eastern Cascades Slopes and Foothills,Metolius River,44.4337,-121.6703,904,7.84,521,"mid-density, single-layer 15m pipo; dense feid understory; stream through NW corner",60,PINPON,100,none,0,none,0,none,0,2,15,5842,215,6057,106,54,159
RADAR,1999,6,15,817,none,none,Eastern Cascades Slopes and Foothills,Metolius River,44.4634,-121.6634,891,7.56,597,"dense, dual-layer 20m and 10m mixed stand; dense feid understory",55,PINPON,45,LAROCC,39,PINCON,8,PSEMEN,8,2.8,13,4817,156,4974,176,81,256
RADAR,1999,6,17,818,none,none,Eastern Cascades Slopes and Foothills,Metolius River,44.4312,-121.6095,1114,7.47,599,"mid-density, dual-layer 10m cade and 30m pipo canopy; dense putr understory",174,PINPON,74,CALDEC,26,none,0,none,0,1.5,11,13417,60,13477,91,24,115
RADAR,1999,6,3,819,none,none,Eastern Cascades Slopes and Foothills,Metolius River,44.4298,-121.6522,899,7.57,592,sparse layer of 20m pipo with clumps of dense 10m pipo; mid-density putr understory,63,PINPON,100,none,0,none,0,none,0,1.4,12,2444,144,2588,72,36,108
RADAR,1999,6,16,820,none,US-Me5,Eastern Cascades Slopes and Foothills,Metolius River,44.4371,-121.5679,1188,7.9,482,"mid-density, single-layer 5m pipo; dense putr/arpa understory",14,PINPON,100,none,0,none,0,none,0,1,4,520,91,611,33,23,55
EPA,2001,10,3,1,none,none,Coast Range,Cascade Head,45.1024,-123.8816,227,10.4,2489, Coast range initaition age class,12,PSEMEN,90,PICSIT,10,none,0,none,0,13,7,3795,965,4760,633,241,874
EPA,2001,8,8,2,none,none,Coast Range,Cascade Head,45.0974,-123.8972,320,10.29,2572, Coast range initaition age class,12,PSEMEN,67,PICSIT,34,none,0,none,0,9.2,5,3035,759,3794,536,190,726
EPA,2001,7,27,3,none,none,Coast Range,Cascade Head,45.1122,-123.8841,138,10.32,2562, Coast range initaition age class,14,PSEMEN,92,TSUHET,8,none,0,none,0,9.4,8,2695,776,3470,517,194,710
EPA,2001,9,19,6,none,none,Coast Range,Cascade Head,45.0894,-123.8816,344,10.16,2665, Coast range young age class,22,PSEMEN,81,TSUHET,9,ALNRUB,9,PICSIT,1,10.3,14,10355,675,11030,595,233,828
EPA,2001,9,19,7,none,none,Coast Range,Cascade Head,45.092,-123.8807,319,10.16,2665, Coast range mature age class,45,PSEMEN,41,PICSIT,33,TSUHET,25,PRUEMA,1,10.4,24,19168,892,20060,407,237,644
EPA,2001,9,20,9,none,none,Coast Range,Cascade Head,45.0699,-123.8949,241,9.95,2827, Coast range mature age class,46,PICSIT,38,TSUHET,27,PSEMEN,22,ALNRUB,13,8.6,23,27365,606,27971,378,238,616
EPA,2001,9,20,10,none,none,Coast Range,Cascade Head,45.0679,-123.8882,272,9.95,2827, Coast range old age class,185,PSEMEN,37,PICSIT,33,TSUHET,28,ALNRUB,1,7.9,34,44454,511,44965,234,143,376
EPA,2001,7,28,11,none,none,Coast Range,Cascade Head,45.0819,-123.9038,281,9.95,2827, Coast range old age class,168,PICSIT,62,PSEMEN,23,TSUHET,15,none,0,7.5,27,55508,472,55980,461,168,629
EPA,2001,10,6,12,none,none,Coast Range,Cascade Head,45.0445,-123.9007,267,10,2539, Coast range old age class,178,TSUHET,72,PICSIT,22,PSEMEN,6,none,0,5.7,34,53336,433,53769,269,140,409
EPA,2001,8,23,13,none,none,Cascades,HJ Andrews,44.2576,-122.2012,809,9.22,2152, West Cascades initaition age class,19,PSEMEN,92,CASCHR,8,none,0,none,0,3.8,7,1456,346,1802,134,133,267
EPA,2001,8,23,14,none,none,Cascades,HJ Andrews,44.2515,-122.2018,835,9.22,2152, West Cascades initaition age class,20,PSEMEN,61,THUPLI,25,TSUHET,11,CASCHR,3,3.7,9,1081,387,1467,164,123,287
EPA,2001,9,15,15,none,none,Cascades,HJ Andrews,44.2588,-122.2041,784,9.22,2152, West Cascades initaition age class,13,PSEMEN,62,PINMON,38,none,0,none,0,1.8,7,1343,166,1509,241,42,282
EPA,2001,8,23,16,none,none,Cascades,HJ Andrews,44.2477,-122.1974,777,9.31,2181, West Cascades young age class,39,PSEMEN,98,CASCHR,2,none,0,none,0,8.4,17,7790,842,8632,256,176,432
EPA,2001,8,22,17,none,none,Cascades,HJ Andrews,44.2347,-122.1766,731,9.22,2152, West Cascades young age class,39,PSEMEN,93,THUPLI,7,none,0,none,0,8.9,18,5516,827,6343,167,161,328
EPA,2001,9,14,18,none,none,Cascades,HJ Andrews,44.2548,-122.1827,815,9.22,2152, West Cascades young age class,70,PSEMEN,90,TSUHET,5,PRUEMA,4,CASCHR,1,4.6,18,13204,396,13600,421,135,556
EPA,2001,9,24,19,none,none,Cascades,HJ Andrews,44.2705,-122.2173,742,9.56,2187, West Cascades mature age class,143,PSEMEN,92,TSUHET,5,THUPLI,3,none,0,10,25,15345,1207,16552,217,240,457
EPA,2001,9,24,20,none,none,Cascades,HJ Andrews,44.2699,-122.2265,896,9.56,2187, West Cascades mature age class,146,PSEMEN,97,TSUHET,3,none,0,none,0,8,25,37412,1034,38446,351,207,557
EPA,2001,8,23,21,none,none,Cascades,HJ Andrews,44.2626,-122.1944,879,9.22,2152, West Cascades mature age class,166,PSEMEN,92,TSUHET,7,CORNUT,1,none,0,8.5,28,30900,951,31852,203,160,364
EPA,2001,8,23,22,none,none,Cascades,HJ Andrews,44.2479,-122.2008,822,9.31,2181, West Cascades old age class,552,PSEMEN,75,THUPLI,19,TSUHET,5,CASCHR,1,7,17,42621,862,43483,198,159,358
EPA,2001,8,22,23,none,none,Cascades,HJ Andrews,44.2334,-122.1731,772,9.22,2152, West Cascades old age class,795,PSEMEN,55,TSUHET,25,THUPLI,20,none,0,5.6,20,36167,530,36696,171,122,293
EPA,2001,9,14,24,none,none,Cascades,HJ Andrews,44.2587,-122.1818,853,9.22,2152, West Cascades old age class,629,PSEMEN,76,TSUHET,12,THUPLI,11,none,0,6.5,16,46121,705,46826,131,128,259
EPA,2001,8,16,25,820,US-Me5,Eastern Cascades Slopes and Foothills,Metolius River,44.4371,-121.5679,1188,7.9,482, East Cascades initaition age class and eddy flux tower site,23,PINPON,100,none,0,none,0,none,0,0.9,4,672,104,776,72,36,108
EPA,2001,8,20,26,none,none,Eastern Cascades Slopes and Foothills,Metolius River,44.4508,-121.6908,941,7.84,521, East Cascades initaition age class,9,PINPON,100,none,0,none,0,none,0,0.1,2,208,17,225,61,4,65
EPA,2001,9,3,27,none,none,Eastern Cascades Slopes and Foothills,Metolius River,44.4327,-121.6104,1138,7.68,542, East Cascades initaition age class,16,PINPON,100,none,0,none,0,none,0,0.3,4,221,35,257,52,10,62
EPA,2001,9,2,28,810,none,Eastern Cascades Slopes and Foothills,Metolius River,44.4277,-121.5852,1129,7.9,482, East Cascades young age class,69,PINPON,100,none,0,none,0,none,0,1.5,8,3241,183,3424,187,49,237
EPA,2001,9,2,29,none,none,Eastern Cascades Slopes and Foothills,Metolius River,44.4373,-121.587,1177,7.8,498, East Cascades young age class,56,PINPON,100,none,0,none,0,none,0,1.5,15,5023,194,5217,171,25,197
EPA,2001,8,17,30,811,US-Me2,Eastern Cascades Slopes and Foothills,Metolius River,44.4513,-121.5575,1254,7.16,600, East Cascades young age class,89,PINPON,100,none,0,none,0,none,0,3,14,6431,372,6803,172,63,236
EPA,2001,8,21,31,816,none,Eastern Cascades Slopes and Foothills,Metolius River,44.434,-121.6701,925,7.84,521, East Cascades mature age class,106,PINPON,100,none,0,none,0,none,0,2.2,19,10504,294,10798,268,53,320
EPA,2001,8,20,32,806,none,Eastern Cascades Slopes and Foothills,Metolius River,44.4526,-121.6691,920,7.84,521, East Cascades mature age class,93,PINPON,95,PINCON,5,none,0,none,0,2.5,10,5142,282,5424,74,94,168
EPA,2001,8,21,33,817,none,Eastern Cascades Slopes and Foothills,Metolius River,44.4634,-121.6634,891,7.56,597, East Cascades mature age class,96,PINPON,52,LAROCC,37,ABIGRA,7,PSEMEN,4,3.5,14,13862,326,14188,270,184,454
EPA,2001,8,21,34,801,US-Me4,Eastern Cascades Slopes and Foothills,Metolius River,44.4982,-121.6249,914,7.95,581, East Cascades old age class and near eddt flux tower,190,PINPON,100,none,0,none,0,none,0,2,13,11982,236,12218,169,73,242
EPA,2001,8,21,35,802,none,Eastern Cascades Slopes and Foothills,Metolius River,44.5005,-121.6237,907,7.32,683, East Cascades old age class,251,PINPON,100,none,0,none,0,none,0,1.8,33,12097,206,12304,54,48,102
EPA,2001,9,3,36,none,none,Eastern Cascades Slopes and Foothills,Metolius River,44.4222,-121.6066,1148,7.47,599, East Cascades old age class,316,PINPON,96,ABIGRA,2,CALDEC,2,none,0,2.1,9,15317,289,15605,106,81,187
EPA,2001,7,24,37,none,none,Cascades,Lookout Mountains,45.8708,-122.097,1228,6.66,2607, Age class 1,8,ABIPRO,100,none,0,none,0,none,0,0.4,1,397,44,440,74,11,85
EPA,2001,7,24,38,none,none,Cascades,Lookout Mountains,45.849,-122.0274,601,7.5,2507, Age class 2,26,PSEMEN,100,none,0,none,0,none,0,9.4,16,7262,1114,8375,435,232,667
EPA,2001,7,25,39,none,none,Cascades,Lookout Mountains,45.8596,-122.0736,957,6.66,2607, Age class 3,31,PSEMEN,68,TSUHET,15,ABIPRO,14,ABIAMA,3,4,15,6506,558,7063,339,117,457
EPA,2001,7,26,40,none,none,Cascades,Lookout Mountains,45.8141,-122.0101,632,8.61,2393, Age class 4,46,PSEMEN,95,TSUHET,6,none,0,none,0,10,19,10298,1003,11301,344,190,534
EPA,2001,7,26,41,none,none,Cascades,Lookout Mountains,45.8344,-122.0899,1024,7.43,2698, Age class 5,111,ABIAMA,57,PSEMEN,38,TSUHET,4,ABIPRO,1,8.8,17,33192,1117,34309,178,279,458
EPA,2001,7,25,42,none,none,Cascades,Lookout Mountains,45.8464,-122.1093,1200,7.68,2839, Age class 6,85,ABIAMA,80,ABIPRO,20,none,0,none,0,8,10,43372,1008,44380,444,244,688
EPA,2001,6,26,43,none,none,Cascades,Breitenbush Hot Springs,44.7824,-121.8975,1426,7.36,1951, Age class 1,15,PSEMEN,100,none,0,none,0,none,0,0,3,444,2,446,97,0,98
EPA,2001,8,16,44,none,none,Cascades,Breitenbush Hot Springs,44.8006,-121.9901,889,8.07,1856, Age class 2,18,PSEMEN,100,none,0,none,0,none,0,6.6,9,1943,634,2577,252,127,379
EPA,2001,7,18,45,none,none,Cascades,Breitenbush Hot Springs,44.763,-121.8859,1476,7.24,1950, Age class 3,50,PINCON,63,PSEMEN,21,TSUMER,9,ABIPRO,7,6.8,7,6690,943,7633,237,198,435
EPA,2001,7,17,46,none,none,Cascades,Breitenbush Hot Springs,44.7894,-121.9945,831,8.18,1850, Age class 4,56,PSEMEN,84,TSUHET,12,THUPLI,4,none,0,7.9,19,15178,933,16111,284,157,441
EPA,2001,7,17,47,none,none,Cascades,Breitenbush Hot Springs,44.7723,-121.9007,1303,7.36,1951, Age class 5,300,TSUHET,47,PSEMEN,43,ABIPRO,5,TSUMER,5,7.6,21,20032,1002,21034,143,208,350
EPA,2001,7,17,48,none,none,Cascades,Breitenbush Hot Springs,44.7855,-121.8935,1386,7.35,1938, Age class 6,282,ABIPRO,47,TSUHET,19,PSEMEN,18,TSUMER,17,-9999,13,30803,-9999,-9999,348,-9999,-9999
EPA,2001,8,15,49,none,none,Cascades,Battle Ax,44.7782,-122.1476,1321,8,2534, Age class 1,15,PSEMEN,61,PINMON,39,none,0,none,0,0.4,2,237,46,283,27,12,39
EPA,2001,8,15,50,none,none,Cascades,Battle Ax,44.8094,-122.2324,1032,8.51,2484, Age class 2,49,PSEMEN,45,TSUHET,28,ABIAMA,22,CALDEC,5,-9999,9,4064,-9999,-9999,331,-9999,-9999
EPA,2001,8,15,52,none,none,Cascades,Battle Ax,44.8285,-122.2429,773,8.51,2484, Age class 4,35,PSEMEN,86,THUPLI,7,TSUHET,5,ABIAMA,2,-9999,21,15738,-9999,-9999,490,-9999,-9999
EPA,2001,8,15,53,none,none,Cascades,Battle Ax,44.836,-122.2246,1039,7.84,2501, Age class 5,154,TSUHET,63,PSEMEN,17,ABIPRO,13,ABIAMA,7,-9999,12,19507,-9999,-9999,172,-9999,-9999
EPA,2001,8,14,54,none,none,Cascades,Battle Ax,44.8386,-122.2342,984,8.51,2484, Age class 6,67,THUPLI,44,TSUHET,26,PSEMEN,18,ABIAMA,12,7.5,12,22649,753,23402,239,137,376
EPA,2001,8,21,55,none,none,Cascades,Mount Jefferson,44.7035,-121.873,1229,6.64,2102, Age class 1,11,-9999,-9999,-9999,-9999,-9999,-9999,-9999,-9999,0.1,1,326,12,338,78,4,82
EPA,2001,8,21,56,none,none,Cascades,Mount Jefferson,44.6877,-121.8699,1163,6.64,2102, Age class 2,11,PSEMEN,100,none,0,none,0,none,0,-9999,2,121,49,170,12,14,27
EPA,2001,8,21,57,none,none,Cascades,Mount Jefferson,44.7004,-121.8761,1094,6.64,2102, Age class 3,29,PSEMEN,100,none,0,none,0,none,0,12.7,18,10329,1738,12067,468,334,802
EPA,2001,8,22,59,none,none,Cascades,Mount Jefferson,44.6882,-121.865,1192,6.58,2117, Age class 5,262,TSUHET,74,PSEMEN,21,ABIAMA,6,none,0,4.8,17,30005,494,30500,89,89,177
EPA,2001,6,15,60,none,none,Cascades,Mount Jefferson,44.6958,-121.8698,1076,6.64,2102, Age class 6,304,TSUHET,68,PSEMEN,27,THUPLI,4,TSUMER,1,5.2,17,26596,563,27159,138,100,238
EPA,2001,6,19,61,none,none,Cascades,Mill City,44.644,-122.4507,1093,9.31,2312, Age class 1,-9999,-9999,-9999,-9999,-9999,-9999,-9999,-9999,-9999,-9999,-9999,-9999,-9999,-9999,-9999,-9999,-9999
EPA,2001,6,15,62,none,none,Cascades,Mill City,44.6886,-122.4967,494,9.49,2222, Age class 2,14,-9999,-9999,-9999,-9999,-9999,-9999,-9999,-9999,5.3,13,4784,173,4956,354,173,527
EPA,2001,6,20,63,none,none,Cascades,Mill City,44.6358,-122.4955,854,9.2,2358, Age class 3,24,PSEMEN,62,TSUHET,24,ABIAMA,11,THUPLI,3,6.6,17,8894,692,9585,440,163,603
EPA,2001,6,20,64,none,none,Cascades,Mill City,44.7248,-122.4212,569,10.58,1683, Age class 4,47,PSEMEN,81,ACEMAC,12,TSUHET,8,none,0,10.2,19,15395,513,15907,372,307,680
EPA,2001,6,19,65,none,none,Cascades,Mill City,44.7301,-122.3909,470,9.91,1938, Age class 5,99,PSEMEN,84,TSUHET,13,ACEMAC,2,THUPLI,1,-9999,23,26000,-9999,-9999,362,-9999,-9999
EPA,2001,10,25,66,none,none,Cascades,Mill City,44.7019,-122.5,705,9.54,2128, Age class 6,74,TSUHET,61,PSEMEN,27,ACEMAC,11,THUPLI,1,7.7,24,23556,517,24072,302,221,522
EPA,2001,8,8,67,none,none,Coast Range,Hellion Rapids,44.399,-123.7799,473,10.95,2236, Age class 1,9,PSEMEN,100,none,0,none,0,none,0,9.6,9,1555,926,2481,410,90,501
EPA,2001,8,7,68,none,none,Coast Range,Hellion Rapids,44.4465,-123.8595,566,10.42,2404, Age class 2,31,PSEMEN,98,ALNRUB,2,none,0,none,0,9.9,19,8946,815,9760,275,234,509
EPA,2001,8,8,69,none,none,Coast Range,Hellion Rapids,44.4213,-123.7759,338,11.04,2342, Age class 3,24,PSEMEN,94,ALNRUB,7,none,0,none,0,12,21,9996,1119,11115,413,388,801
EPA,2001,8,9,70,none,none,Coast Range,Hellion Rapids,44.4758,-123.8605,640,10.59,2286, Age class 4,85,PSEMEN,99,TSUHET,1,none,0,none,0,10.6,32,22784,933,23717,217,314,531
EPA,2001,10,17,71,none,none,Coast Range,Hellion Rapids,44.3983,-123.7938,362,10.67,2263, Age class 5,105,PSEMEN,100,none,0,none,0,none,0,9.2,54,31995,987,32982,279,232,511
EPA,2001,10,17,73,none,none,Cascades,Blue Mountain,43.6776,-122.916,660,10.4,1416, Age class 1,-9999,-9999,-9999,-9999,-9999,-9999,-9999,-9999,-9999,1,-9999,-9999,80,-9999,-9999,34,-9999
EPA,2001,10,18,74,none,none,Cascades,Blue Mountain,43.7362,-122.9288,476,11.08,1231, Age class 2,19,PSEMEN,100,none,0,none,0,none,0,9.8,15,9496,1261,10757,439,356,796
EPA,2001,10,16,75,none,none,Cascades,Blue Mountain,43.6915,-122.9297,586,10.89,1355, Age class 3,26,PSEMEN,97,CALDEC,2,ALNRUB,1,none,0,9.4,15,7619,993,8613,489,218,707
EPA,2001,6,14,76,none,none,Cascades,Blue Mountain,43.6943,-122.8992,824,10.18,1460, Age class 4,52,PSEMEN,90,TSUHET,10,none,0,none,0,11.2,25,15387,1035,16422,323,217,540
EPA,2001,8,2,77,none,none,Cascades,Blue Mountain,43.7037,-122.9292,868,10.86,1358, Age class 5,73,PSEMEN,100,none,0,none,0,none,0,11.1,42,45123,895,46018,433,203,637
EPA,2001,8,1,78,none,none,Cascades,Blue Mountain,43.7062,-122.9356,716,10.93,1348, Age class 5,171,PSEMEN,90,THUPLI,9,ACEMAC,1,none,0,9,24,64035,1115,65151,431,328,760
EPA,2001,8,1,79,none,none,Cascades,Emigrant Butte,43.4364,-122.2439,1412,6.6,1722, Age class 1,9,-9999,-9999,-9999,-9999,-9999,-9999,-9999,-9999,0.7,2,202,112,314,35,27,63
EPA,2001,8,1,80,none,none,Cascades,Emigrant Butte,43.5015,-122.2083,1356,7.18,1691, Age class 2,17,PSEMEN,100,none,0,none,0,none,0,0.7,6,190,104,294,48,39,87
EPA,2001,8,2,81,none,none,Cascades,Emigrant Butte,43.4169,-122.1608,1230,6.4,1705, Age class 3,30,PSEMEN,87,PINLAM,6,ABIGRA,5,PINMON,2,8.4,13,5284,962,6246,293,314,606
EPA,2001,7,31,82,none,none,Cascades,Emigrant Butte,43.4991,-122.1899,1488,4.19,1876, Age class 4,442,PSEMEN,65,TSUHET,17,ABIGRA,17,ABIPRO,1,-9999,11,33651,-9999,-9999,232,-9999,-9999
EPA,2001,7,12,83,none,none,Cascades,Emigrant Butte,43.4263,-122.2342,1366,7.87,1636, Age class 5,79,PSEMEN,92,PINMON,4,TSUHET,3,ABIPRO,1,9,26,25553,1035,26588,175,136,311
EPA,2001,7,12,84,none,none,Cascades,Emigrant Butte,43.4949,-122.1896,1460,4.19,1876, Age class 6,118,ABIGRA,41,PSEMEN,41,ABIPRO,14,TSUMER,5,7.7,27,39221,1101,40322,302,154,456
EPA,2001,7,12,85,none,none,Cascades,Big Butte Springs,42.5853,-122.4062,1050,9.23,1021, Age class 1,11,ABIGRA,39,PSEMEN,31,PINPON,30,none,0,0,2,1652,46,1698,184,10,194
EPA,2001,7,12,86,none,none,Cascades,Big Butte Springs,42.586,-122.4478,952,9.46,984, Age class 2,71,PSEMEN,45,ABIGRA,44,CALDEC,7,ABIAMA,3,-9999,12,6431,-9999,-9999,269,-9999,-9999
EPA,2001,7,12,87,none,none,Cascades,Big Butte Springs,42.5601,-122.4966,856,9.64,980, Age class 3,31,ABIGRA,46,PINPON,23,PSEMEN,16,CALDEC,15,5,17,8845,696,9541,212,125,337
EPA,2001,7,12,88,none,none,Cascades,Big Butte Springs,42.6231,-122.4367,1046,9.16,1068, Age class 4,41,PSEMEN,64,ABIGRA,24,PINLAM,8,CALDEC,4,10.6,15,16057,1186,17242,400,195,596
EPA,2001,7,4,89,none,none,Cascades,Big Butte Springs,42.5791,-122.4414,963,9.48,975, Age class 5,57,PSEMEN,75,PINPON,12,ARBMEN,7,ABIGRA,7,-9999,26,22166,-9999,-9999,326,-9999,-9999
EPA,2001,7,4,90,none,none,Cascades,Big Butte Springs,42.6025,-122.4755,997,9.39,1043, Age class 6,63,PSEMEN,88,ABIGRA,8,ARBMEN,4,none,0,10,21,17388,1057,18445,195,221,415
EPA,2001,7,3,91,none,none,Klamath Mountains/California High North Coast Range,Grants Pass,42.4875,-123.2612,737,11.51,829, Age class 1,48,PSEMEN,51,ARBMEN,46,CALDEC,3,none,0,1.5,3,2029,136,2165,116,80,197
EPA,2001,6,3,92,none,none,Klamath Mountains/California High North Coast Range,Grants Pass,42.4778,-123.2612,951,11.57,821, Age class 2,22,PSEMEN,66,ARBMEN,20,PINPON,12,CALDEC,3,5.5,11,5857,467,6324,370,209,579
EPA,2001,7,5,93,none,none,Klamath Mountains/California High North Coast Range,Grants Pass,42.4918,-123.2745,771,11.41,842, Age class 3,60,PSEMEN,51,ARBMEN,45,CASCHR,2,CALDEC,2,6.1,10,8668,527,9195,287,322,609
EPA,2001,6,5,94,none,none,Klamath Mountains/California High North Coast Range,Grants Pass,42.4789,-123.3002,811,11.89,803, Age class 4,72,PSEMEN,54,PINPON,30,ARBMEN,8,QUEGAR,8,5.9,15,22051,518,22570,368,197,565
EPA,2001,6,5,95,none,none,Klamath Mountains/California High North Coast Range,Grants Pass,42.4723,-123.2642,1026,11.57,821, Age class 5,64,PSEMEN,91,QUEKEL,5,QUECHR,2,ARBMEN,2,7.9,12,15350,815,16165,283,159,442
EPA,2001,6,5,96,none,none,Klamath Mountains/California High North Coast Range,Grants Pass,42.4725,-123.2665,937,11.57,821, Age class 6,307,PSEMEN,98,QUEKEL,2,none,0,none,0,9.6,18,38378,1272,39649,306,193,498
COHO,2002,9,15,97,none,none,Eastern Cascades Slopes and Foothills,Metolius River,44.446,-121.712,975,7.02,864,East Cascades mature grand fir forest,-9999,ABIGRA,82,PINPON,18,none,0,none,0,8,-9999,-9999,-9999,12858,226,239,465
COHO,2002,5,15,98,none,none,Blue Mountains,Metolius River,44.257,-121.485,983,8.02,349,East Cascades mature  western juniper woodland,-9999,JUNOCC,100,none,0,none,0,none,0,1.2,-9999,-9999,-9999,53,0,128,128
COHO,2002,9,15,99,none,none,Eastern Cascades Slopes and Foothills,Metolius River,44.498,-121.625,914,7.95,581,East Cascades mature ponderosa pine forest,-9999,PINPON,-9999,-9999,-9999,-9999,-9999,-9999,-9999,2.9,-9999,-9999,-9999,20643,95,8,103
ORCA,2004,9,6,201,none,none,Blue Mountains,Bear Butte,44.2732,-119.7519,1449,6.89,490, Tassel cap bin number 2,110,PINPON,92,JUNOCC,8,none,0,none,0,3.7,11,2300,427,2727,60,116,176
ORCA,2004,9,6,202,none,none,Blue Mountains,Bear Butte,44.2474,-119.7074,1428,7.2,429, Tassel cap bin number 3,110,PINPON,71,PSEMEN,29,none,0,none,0,5,13,5080,528,5608,150,91,241
ORCA,2004,9,6,203,none,none,Blue Mountains,Bear Butte,44.2609,-119.6365,1400,7.69,414, Tassel cap bin number 1,108,JUNOCC,100,none,0,none,0,none,0,2,7,490,299,789,1,53,54
ORCA,2004,9,8,204,none,none,Blue Mountains,Camp Creek,44.6664,-118.8491,1346,7.42,478, Tassel cap bin number 2,121,PINPON,98,PSEMEN,2,none,0,none,0,4.4,19,5140,530,5670,70,123,193
ORCA,2004,9,8,205,none,none,Blue Mountains,Camp Creek,44.6769,-118.8223,1382,7.42,469, Tassel cap bin number 4,66,PSEMEN,76,PINPON,10,LAROCC,7,ABICON,7,7.9,16,4200,612,4812,120,82,202
ORCA,2004,9,8,206,none,none,Blue Mountains,Camp Creek,44.6609,-118.8621,1415,7.33,501, Tassel cap bin number 1,85,PINPON,55,JUNOCC,45,none,0,none,0,4.5,10,1300,565,1865,30,127,157
ORCA,2004,9,8,207,none,none,Blue Mountains,Camp Creek,44.6513,-118.8808,1452,7.02,575, Tassel cap bin number 5,141,ABICON,64,PICENG,17,LAROCC,10,PINCON,9,11.9,14,8570,1061,9631,230,149,379
ORCA,2004,9,8,208,none,none,Blue Mountains,Camp Creek,44.6541,-118.7914,1360,7.14,538, Tassel cap bin number 3,123,PINPON,72,JUNOCC,25,CERLED,3,CALDEC,1,4.6,13,5970,597,6567,80,111,191
ORCA,2004,6,17,210,none,none,Blue Mountains,Strawberry Mountains,44.2093,-118.6343,1602,4.78,627, Tassel cap bin number 4,210,PINPON,99,PINCON,1,none,0,none,0,3.5,20,7540,478,8018,150,80,230
ORCA,2004,6,16,211,none,none,Blue Mountains,Strawberry Mountains,44.2223,-118.6429,1653,4.78,627, Tassel cap bin number 3,144,ABICON,49,PINPON,38,PSEMEN,8,PINCON,5,3,13,3260,409,3669,160,69,229
ORCA,2004,6,17,212,none,none,Blue Mountains,Strawberry Mountains,44.1866,-118.6846,1678,4.91,584, Tassel cap bin number 5,491,ABICON,96,PSEMEN,2,PINPON,2,PINCON,1,10.3,14,6690,1262,7952,110,183,293
ORCA,2004,6,18,213,none,none,Blue Mountains,Strawberry Mountains,44.1873,-118.7127,1650,5.02,647, Tassel cap bin number 2,123,PSEMEN,38,PINPON,36,PINCON,13,ABICON,13,9.9,11,1950,1075,3025,100,133,233
ORCA,2004,9,10,214,none,none,Blue Mountains,Bear Butte,44.4011,-120.3995,1298,6.41,510, Tassel cap bin number 4,231,PSEMEN,58,PINPON,33,LAROCC,8,ABICON,1,8.6,16,7840,775,8615,230,94,324
ORCA,2004,9,10,215,none,none,Blue Mountains,Bear Butte,44.4106,-120.3711,1391,6.3,584, Tassel cap bin number 5 ,232,ABICON,46,PSEMEN,37,PINPON,17,Unknown conifer,1,8.1,18,4920,699,5619,70,90,160
ORCA,2004,7,12,216,none,none,Blue Mountains,Wenaha,45.8561,-117.7896,1538,7.27,771, Tassel cap bin number 2,99,LAROCC,56,PICENG,26,PINCON,11,ABICON,7,4.5,23,5030,343,5373,70,85,155
ORCA,2004,7,12,217,none,none,Blue Mountains,Wenaha,45.9477,-117.6706,1324,8.04,640, Tassel cap bin number 5,303,ABICON,92,PICENG,8,none,0,none,0,5.6,28,29930,449,30379,290,47,337
ORCA,2004,7,12,218,none,none,Blue Mountains,Wenaha,45.8725,-117.777,1508,6.38,957, Tassel cap bin number 4,99,PINCON,99,ABILAS,1,none,0,none,0,10.9,26,17560,1250,18810,150,189,339
ORCA,2004,7,12,219,none,none,Blue Mountains,Wenaha,45.868,-117.8059,1571,6.39,945, Tassel cap bin number 1,117,ABILAS,45,LAROCC,26,PICENG,22,ABICON,7,3.5,11,1370,332,1702,60,59,119
ORCA,2004,7,12,220,none,none,Blue Mountains,Wenaha,45.8776,-117.7661,1498,6.38,957, Tassel cap bin number 3,106,PICENG,46,PINCON,25,ABILAS,22,LAROCC,7,6.3,17,4010,654,4664,70,90,160
ORCA,2004,7,11,221,none,none,Blue Mountains,Halfway,45.008,-117.1439,1677,5,1147, Tassel cap bin number 1,268,PINPON,44,PSEMEN,33,ABICON,19,LAROCC,4,0.7,23,1720,83,1803,70,19,89
ORCA,2004,7,11,222,none,none,Blue Mountains,Halfway,45.0084,-117.1406,1683,5,1147, Tassel cap bin number 2,116,PINPON,50,ABICON,39,PSEMEN,11,none,0,5,18,4460,611,5071,120,107,227
ORCA,2004,7,11,223,none,none,Blue Mountains,Halfway,44.9945,-117.1367,1502,5.2,1115, Tassel cap bin number 3,122,ABICON,80,PINPON,20,none,0,none,0,3.7,15,11730,360,12090,370,61,431
ORCA,2004,7,11,224,none,none,Blue Mountains,Halfway,44.9858,-117.1309,1397,5.2,1115, Tassel cap bin number 4,91,PINPON,81,ABICON,19,none,0,none,0,6.8,20,15420,727,16147,380,117,497
ORCA,2004,7,11,225,none,none,Blue Mountains,Halfway,44.9725,-117.141,1341,6.74,851, Tassel cap bin number 5,146,ABICON,91,PSEMEN,9,none,0,none,0,11.6,22,12440,968,13408,170,122,292
ORCA,2004,6,29,226,none,none,Klamath Mountains/California High North Coast Range,Brushy Mountain,40.8676,-123.3205,1381,10.56,1201, Tassel cap bin number 5,130,PSEMEN,79,ABICON,21,none,0,none,0,3.2,42,6840,248,7088,60,35,95
ORCA,2004,6,29,227,none,none,Klamath Mountains/California High North Coast Range,Brushy Mountain,40.8387,-123.3264,1220,10.6,1198, Tassel cap bin number 4,135,PSEMEN,38,QUECHR,35,ARBMEN,22,LITDEN,5,3.3,15,22360,267,22627,340,68,408
ORCA,2004,6,29,228,none,none,Klamath Mountains/California High North Coast Range,Brushy Mountain,40.8317,-123.3261,1188,11.1,1160, Tassel cap bin number 3,174,PSEMEN,54,LITDEN,20,QUEKEL,15,ARBMEN,11,2.9,24,13550,163,13713,160,30,190
ORCA,2004,6,29,229,none,none,Klamath Mountains/California High North Coast Range,Brushy Mountain,40.8264,-123.3266,1153,11.1,1160, Tassel cap bin number 2,79,QUECHR,90,QUEKEL,7,PSEMEN,3,none,0,2.8,11,20130,209,20339,450,54,504
ORCA,2004,6,30,230,none,none,Klamath Mountains/California High North Coast Range,Brushy Ridge,40.3604,-123.062,1332,10.95,1119, Tassel cap bin number 2,178,PSEMEN,59,ABICON,18,Unknown conifer,16,PINPON,6,3,16,5500,297,5797,130,46,176
ORCA,2004,6,30,231,none,none,Klamath Mountains/California High North Coast Range,Brushy Ridge,40.3758,-123.064,1196,10.95,1096, Tassel cap bin number 5,151,ABICON,57,ARBMEN,29,QUEKEL,10,PSEMEN,5,5.8,21,15490,437,15927,140,75,215
ORCA,2004,6,30,232,none,none,Klamath Mountains/California High North Coast Range,Brushy Ridge,40.3777,-123.0563,1164,10.97,1233, Tassel cap bin number 4,95,PSEMEN,54,ABICON,23,ARBMEN,18,QUEKEL,6,7.6,16,10823,539,11362,332,91,423
ORCA,2004,6,30,233,none,none,Klamath Mountains/California High North Coast Range,Brushy Ridge,40.3636,-123.0623,1322,10.95,1119, Tassel cap bin number 3,104,PSEMEN,72,PINPON,19,QUECHR,6,QUEKEL,4,4.1,13,11760,321,12081,290,40,330
ORCA,2004,6,30,234,none,none,Klamath Mountains/California High North Coast Range,Brushy Ridge,40.3893,-123.1041,1332,10.76,1174, Tassel cap bin number 1,273,PINJEF,95,CALDEC,3,PSEMEN,2,none,0,1.8,12,3770,212,3982,40,48,88
ORCA,2004,6,30,235,none,none,Klamath Mountains/California High North Coast Range,Brushy Ridge,40.3906,-123.0978,1339,10.76,1174, Tassel cap bin number 1,240,PINJEF,72,CALDEC,24,QUECHR,4,none,0,1,12,1364,140,1504,114,27,141
ORCA,2004,8,26,236,none,none,Sierra Nevada,Genessee,40.1329,-120.6875,1885,8.7,689, Tassel cap bin number 1,125,ABICON,68,PSEMEN,12,PINJEF,11,CALDEC,10,12.5,17,71,1518,1589,6,179,185
ORCA,2004,8,26,237,none,none,Sierra Nevada,Genessee,40.1268,-120.7283,2005,8.96,787, Tassel cap bin number 5,155,ABICON,98,PINJEF,2,none,0,none,0,5.2,18,12470,497,12967,190,52,242
ORCA,2004,8,26,238,none,none,Sierra Nevada,Genessee,40.13,-120.6806,1877,8.7,689, Tassel cap bin number 2,195,PINJEF,55,ABICON,45,none,0,none,0,9.8,23,11610,1231,12841,190,156,346
ORCA,2004,8,26,239,none,none,Sierra Nevada,Genessee,40.1284,-120.669,1746,8.7,689, Tassel cap bin number 4,186,ABICON,90,PINPON,7,CALDEC,3,PSEMEN,1,6.6,19,4970,648,5618,150,102,252
ORCA,2004,8,26,240,none,none,Sierra Nevada,Genessee,40.1291,-120.6751,1768,8.7,689, Tassel cap bin number 3,91,ABICON,99,PSEMEN,1,none,0,none,0,3.3,23,8236,339,8575,390,41,431
ORCA,2004,8,23,241,none,none,Cascades,Pine Creek Valley,40.6456,-121.106,1727,6.07,608, Tassel cap bin number 1,158,PINJEF,100,none,0,none,0,none,0,10.8,15,4180,1194,5374,80,221,301
ORCA,2004,8,23,242,none,none,Cascades,Pine Creek Valley,40.6308,-121.0992,1727,6.03,566, Tassel cap bin number 2,260,PINJEF,60,ABICON,40,none,0,none,0,8,13,6140,879,7019,90,130,220
ORCA,2004,8,24,243,none,none,Cascades,Pine Creek Valley,40.6119,-121.0853,1770,6.01,570, Tassel cap bin number 4,233,ABICON,96,PINJEF,4,none,0,none,0,4.7,13,9410,501,9911,160,55,215
ORCA,2004,8,23,244,none,none,Cascades,Pine Creek Valley,40.6089,-121.0671,1909,5.93,595, Tassel cap bin number 4,235,PINJEF,45,ABICON,29,ABILAS,23,CALDEC,3,6.9,19,2920,758,3678,70,80,150
ORCA,2004,8,23,245,none,none,Cascades,Pine Creek Valley,40.6107,-121.0538,2018,5.88,617, Tassel cap bin number 5,125,ABICON,77,PINJEF,15,ABIMAG,6,PINCON,2,3.4,12,6950,324,7274,120,35,155
ORCA,2004,7,25,246,none,none,Sierra Nevada,Picket Peak,38.7591,-119.9048,2584,5.02,1028, Tassel cap bin number 3,185,PINMON,62,ABIMAG,18,PINCON,16,JUNOCC,5,10.3,10,6770,1233,8003,190,152,342
ORCA,2004,7,25,247,none,none,Sierra Nevada,Picket Peak,38.7391,-119.9139,2435,5.64,1049, Tassel cap bin number 1,180,ABIMAG,58,PINJEF,26,PINMON,13,JUNOCC,3,7.8,17,5664,982,6646,292,72,364
ORCA,2004,7,25,248,none,none,Sierra Nevada,Picket Peak,38.7617,-119.9145,2468,5.79,1009, Tassel cap bin number 2,146,PINJEF,49,JUNOCC,23,ABIMAG,18,PINCON,11,10.7,10,3280,1441,4721,80,128,208
ORCA,2004,7,25,249,none,none,Sierra Nevada,Picket Peak,38.7627,-119.8952,2478,5.02,1028, Tassel cap bin number 4,409,ABIMAG,89,PINMON,10,ABICON,1,none,0,10.1,10,7730,1311,9041,100,71,171
ORCA,2004,7,25,250,none,none,Sierra Nevada,Picket Peak,38.7911,-120.017,2047,5.54,1234, Tassel cap bin number 5,124,ABICON,97,PINJEF,3,none,0,none,0,14.7,26,16440,1333,17773,110,98,208
ORCA,2004,7,28,251,none,none,Sierra Nevada,West Emigrant,38.1751,-119.9439,2238,7.43,1358, Tassel cap bin number 4,179,ABICON,91,PINJEF,5,ABIMAG,4,Unknown conifer,1,14.4,18,13780,1589,15369,800,158,958
ORCA,2004,7,28,252,none,none,Sierra Nevada,West Emigrant,38.1765,-119.9778,1884,8.38,1233, Tassel cap bin number 5,143,ABICON,63,PINLAM,22,CALDEC,14,ABIMAG,1,12,27,14442,1210,15651,263,121,384
ORCA,2004,7,31,253,none,none,Sierra Nevada,Mammoth,37.7844,-118.9868,2488,5.28,459, Tassel cap bin number 1,160,PINJEF,100,none,0,none,0,none,0,11.3,12,5620,1116,6736,110,147,257
ORCA,2004,7,31,254,none,none,Sierra Nevada,Mammoth,37.832,-118.8566,2707,4.56,595, Tassel cap bin number 2,217,PINCON,100,none,0,none,0,none,0,11,14,6820,1331,8151,40,117,157
ORCA,2004,7,31,255,none,none,Sierra Nevada,Mammoth,37.8391,-118.9246,2486,4.91,518, Tassel cap bin number 3,81,PINJEF,100,none,0,none,0,none,0,5.3,10,5170,398,5568,50,39,89
ORCA,2004,7,29,256,none,none,Sierra Nevada,Leavitt,38.2905,-119.6067,2722,2.43,1316, Tassel cap bin number 3,283,PINCON,100,none,0,none,0,none,0,13.5,-9999,28570,1663,30233,60,119,179
ORCA,2004,7,29,257,none,none,Sierra Nevada,Leavitt,38.2889,-119.6079,2758,2.43,1316, Tassel cap bin number 4,302,PINCON,97,PINMON,4,none,0,none,0,4,15,13500,546,14046,100,41,141
ORCA,2004,7,29,258,none,none,Sierra Nevada,Leavitt,38.2891,-119.6062,2751,2.43,1316, Tassel cap bin number 2,262,PINCON,100,none,0,none,0,none,0,3,14,6480,340,6820,80,46,126
ORCA,2004,7,28,259,none,none,Sierra Nevada,West Emigrant,38.1805,-119.9162,2289,7.03,1436, Tassel cap bin number 5,50,ABICON,86,PINJEF,15,none,0,none,0,9.9,18,38200,1219,39419,540,102,642
ORCA,2004,7,29,260,none,none,Sierra Nevada,Leavitt,38.2972,-119.6009,2651,3.39,1038, Tassel cap bin number 1,342,PINCON,97,ABICON,3,none,0,none,0,12.6,13,4710,1397,6107,70,91,161
ORCA,2005,8,17,300,none,none,Sierra Nevada,Forest Hill,39.0808,-120.742,1235,13.53,1445, not thinned or burned,38,PINPON,99,CALDEC,1,none,0,none,0,5.4,23,4580,628,5208,220,139,359
ORCA,2005,9,26,301,none,none,Sierra Nevada,Forest Hill,39.1209,-120.7397,1297,12.86,1487, not thinned or burned,33,PINPON,98,QUEGAR,2,none,0,none,0,5.7,17,5590,589,6179,200,149,349
ORCA,2005,9,26,302,none,none,Sierra Nevada,Forest Hill,39.1209,-120.7397,1297,12.86,1487, not thinned or burned,39,PINPON,96,ABICON,2,CALDEC,2,none,0,3.5,17,6990,405,7395,260,110,370
ORCA,2005,9,26,303,none,none,Sierra Nevada,Forest Hill,39.1205,-120.7211,1381,12.77,1503, not thinned or burned,29,PINPON,100,none,0,none,0,none,0,3.5,14,4290,394,4684,180,118,298
ORCA,2005,9,26,304,none,none,Sierra Nevada,Forest Hill,39.107,-120.7478,1261,13.24,1467, Thinned in 2002 not burned,41,PINPON,91,QUEGAR,9,none,0,none,0,0.7,18,2040,78,2118,70,33,103
ORCA,2005,9,26,305,none,none,Sierra Nevada,Forest Hill,39.1135,-120.7237,1366,12.77,1503, Thinned in 2002 not burned,40,PINPON,100,none,0,none,0,none,0,1.6,18,2760,197,2957,140,59,199
ORCA,2005,9,26,306,none,none,Sierra Nevada,Forest Hill,39.1093,-120.7527,1257,13.53,1445, Thinned in 2002 not burned,39,PINPON,96,PINLAM,2,CALDEC,1,CORspp,1,1.1,14,1200,137,1337,60,37,97
ORCA,2005,9,26,307,none,none,Sierra Nevada,Forest Hill,39.1104,-120.7483,1233,13.24,1467, Thinned in 2002 not burned,33,PINPON,97,PINLAM,3,none,0,none,0,1.3,18,3115,158,3272,93,46,139
ORCA,2005,9,26,308,none,none,Sierra Nevada,Forest Hill,39.0776,-120.7455,1176,13.53,1445, Thinned in 1989 not burned,37,PINPON,45,CALDEC,41,PINLAM,14,none,0,0.7,10,5325,107,5432,387,16,403
ORCA,2005,9,26,309,none,none,Sierra Nevada,Forest Hill,39.0785,-120.749,1182,13.53,1445, Thinned in 1989 not burned,38,PINPON,80,CALDEC,18,QUECHR,2,ARBMEN,1,0.6,16,2030,86,2116,90,21,111
ORCA,2005,9,26,310,none,none,Sierra Nevada,Forest Hill,39.0683,-120.7498,1223,13.53,1445, Thinned in 1989 underburned in 2004,39,PINPON,92,QUEGAR,7,CALDEC,1,none,0,0,16,5330,0,5330,250,0,250
ORCA,2005,9,26,311,none,none,Sierra Nevada,Forest Hill,39.1018,-120.7446,1290,13.51,1446, Thinned in 1989 underburned in 2004,41,PINPON,91,QUEGAR,9,none,0,none,0,2.1,20,4090,197,4287,140,53,193
ORCA,2005,9,26,312,none,none,Sierra Nevada,Forest Hill,39.0853,-120.737,1264,13.49,1433, Thinned in 1989 underburned in 2000,42,PINPON,97,CALDEC,2,QUEGAR,1,none,0,2,21,3690,243,3933,190,55,245
ORCA,2005,9,26,313,none,none,Sierra Nevada,Forest Hill,39.0916,-120.7349,1295,13.49,1433, Thinned in 1989 underburned in 2000,52,PINPON,98,QUEGAR,2,none,0,none,0,2.6,19,5880,312,6192,300,72,372
METOFIRE,2007,7,26,901,none,none,Cascades,Metolius River,44.3696,-121.7863,1497,5.76,1969,Mixed-conifer high severity fire,-9999,ABIGRA,63,PSEMEN,18,PINPON,11,TSUHET,7,0.1,12,4561,8,4569,3,4,7
METOFIRE,2007,7,25,902,none,none,Cascades,Metolius River,44.3854,-121.7894,1287,6.3,1577,Mixed-conifer high severity fire,-9999,PSEMEN,60,ABIGRA,21,TSUHET,17,Unknown conifer,2,0.8,21,16756,61,16817,24,24,47
METOFIRE,2007,7,13,903,none,none,Cascades,Metolius River,44.3905,-121.7909,1296,6.3,1577,Mixed-conifer moderate severity fire,-9999,PSEMEN,69,ABIGRA,24,PINMON,4,PINCON,3,0.8,11,3202,76,3278,77,29,106
METOFIRE,2007,7,13,904,none,none,Cascades,Metolius River,44.3815,-121.7637,1369,6.65,1259,Mixed-conifer high severity fire,-9999,PSEMEN,72,PINPON,24,Unknown conifer,4,none,0,0,10,3302,0,3302,0,0,0
METOFIRE,2007,8,2,905,none,none,Eastern Cascades Slopes and Foothills,Metolius River,44.4754,-121.7222,979,7.05,1128,Mixed-conifer low severity fire,-9999,PSEMEN,65,ABIGRA,30,PINPON,4,Unknown conifer,1,2.3,20,16368,515,16883,163,52,215
METOFIRE,2007,7,23,906,none,none,Eastern Cascades Slopes and Foothills,Metolius River,44.4701,-121.7201,990,7.21,840,Mixed-conifer low severity fire,-9999,ABIGRA,90,PSEMEN,6,PINPON,4,none,0,3.3,21,11802,622,12424,109,84,193
METOFIRE,2007,7,6,907,none,none,Eastern Cascades Slopes and Foothills,Metolius River,44.5673,-121.6964,1122,7.18,1414,Mixed-conifer moderate severity fire,-9999,PSEMEN,43,ABIGRA,33,PINPON,22,CALDEC,2,1.5,20,12225,388,12613,87,59,146
METOFIRE,2007,7,8,908,none,none,Eastern Cascades Slopes and Foothills,Metolius River,44.5492,-121.6378,930,8.27,596,Ponderosa pine high severity fire,-9999,PINPON,78,CALDEC,22,none,0,none,0,0,12,4336,39,4375,0,0,0
METOFIRE,2007,7,7,909,none,none,Cascades,Metolius River,44.5512,-121.6342,928,8.55,595,Ponderosa pine moderate severity fire,-9999,PINPON,80,CALDEC,11,PSEMEN,9,none,0,0.6,11,2675,99,2774,30,31,61
METOFIRE,2007,8,18,910,none,none,Eastern Cascades Slopes and Foothills,Metolius River,44.5269,-121.6558,1016,7.95,527,Ponderosa pine high severity fire,-9999,PINPON,96,ABIGRA,3,CALDEC,1,none,0,0,8,1421,1,1422,0,0,0
METOFIRE,2007,8,11,911,none,none,Eastern Cascades Slopes and Foothills,Metolius River,44.5255,-121.6701,944,7.95,527,Ponderosa pine low severity fire,-9999,PINPON,100,none,0,none,0,PSEMEN,0,1.2,13,2803,250,3053,84,31,115
METOFIRE,2007,8,18,912,none,none,Eastern Cascades Slopes and Foothills,Metolius River,44.5268,-121.6631,973,7.95,527,Ponderosa pine low severity fire,-9999,PINPON,97,CALDEC,2,none,0,none,0,1.5,17,6868,485,7353,116,45,161
METOFIRE,2007,7,24,913,none,none,Eastern Cascades Slopes and Foothills,Metolius River,44.4877,-121.6836,927,7.3,668,Ponderosa pine low severity fire,-9999,PINPON,87,ABIGRA,8,PSEMEN,5,none,0,2.2,20,11661,706,12367,132,65,197
METOFIRE,2007,7,8,914,none,none,Eastern Cascades Slopes and Foothills,Metolius River,44.555,-121.6655,951,8.09,597,Ponderosa pine high severity fire,-9999,PINPON,99,ABIGRA,1,none,0,none,0,0,5,121,0,121,0,0,0
METOFIRE,2007,7,23,915,none,none,Eastern Cascades Slopes and Foothills,Metolius River,44.4767,-121.7081,961,7.3,668,Ponderosa pine high severity fire,-9999,ABIGRA,47,LAROCC,23,PSEMEN,18,PINPON,12,0,16,3884,1,3885,0,0,0
METOFIRE,2007,7,27,916,none,none,Eastern Cascades Slopes and Foothills,Metolius River,44.5272,-121.7223,1085,7.52,752,Mixed-conifer moderate severity fire,-9999,PINPON,93,ABIGRA,6,PSEMEN,1,none,0,0.9,12,4730,145,4875,62,24,86
METOFIRE,2007,7,24,917,none,none,Eastern Cascades Slopes and Foothills,Metolius River,44.5432,-121.7177,1162,7.8,937,Mixed-conifer high severity fire,-9999,PINPON,100,none,0,none,0,LAROCC,0,0,9,1810,0,1810,0,0,0
METOFIRE,2007,7,16,918,none,none,Cascades,Metolius River,44.5575,-121.7157,1229,7.8,937,Mixed-conifer high severity fire,-9999,PSEMEN,33,ABIGRA,30,PINPON,23,Unknown conifer,15,0,15,4657,0,4657,0,0,0
METOFIRE,2007,8,12,919,none,none,Eastern Cascades Slopes and Foothills,Metolius River,44.5512,-121.742,1446,7.71,994,Mixed-conifer high severity fire,-9999,PSEMEN,37,PINCON,29,PINPON,20,ABIGRA,14,0,9,2215,0,2215,0,0,0
METOFIRE,2007,8,20,920,none,none,Cascades,Metolius River,44.501,-121.7698,1218,6.72,1505,Mixed-conifer moderate severity fire,-9999,ABIGRA,58,PSEMEN,35,PINPON,6,Unknown conifer,1,0.8,16,9061,167,9228,27,32,59
METOFIRE,2007,8,16,921,none,none,Cascades,Metolius River,44.48,-121.7503,1083,7.05,1128,Mixed-conifer moderate severity fire,-9999,PINPON,61,PSEMEN,37,LAROCC,1,none,0,0.8,10,2440,98,2538,78,24,102
METOFIRE,2007,7,22,922,none,none,Cascades,Metolius River,44.4671,-121.7527,1180,7.05,1128,Mixed-conifer moderate severity fire,-9999,ABIGRA,81,PSEMEN,10,PINPON,8,LAROCC,1,1,18,7201,192,7393,58,43,101
METOFIRE,2007,7,12,923,none,none,Cascades,Metolius River,44.4296,-121.7366,1151,7.01,777,Mixed-conifer moderate severity fire,-9999,ABIGRA,54,PSEMEN,43,Unknown conifer,2,CALDEC,1,1.1,14,6826,149,6975,41,38,79
METOFIRE,2007,8,19,924,none,none,Cascades,Metolius River,44.4435,-121.7629,1278,6.36,1731,Mixed-conifer high severity fire,-9999,PSEMEN,43,PINCON,30,ABIGRA,23,LAROCC,3,0,15,3944,0,3944,0,0,0
METOFIRE,2007,8,1,925,none,none,Eastern Cascades Slopes and Foothills,Metolius River,44.6233,-121.5224,1077,8.16,610,Ponderosa pine low severity fire,-9999,PINPON,97,CALDEC,2,ABIGRA,1,none,0,2.4,14,8018,603,8621,97,71,168
METOFIRE,2007,8,15,926,none,none,Eastern Cascades Slopes and Foothills,Metolius River,44.5647,-121.5343,1087,8.73,474,Mixed-conifer low severity fire,-9999,PINPON,41,ABIGRA,33,PSEMEN,21,CALDEC,5,1.6,19,11571,529,12100,57,65,122
METOFIRE,2007,7,15,927,none,none,Eastern Cascades Slopes and Foothills,Metolius River,44.5707,-121.5514,1180,7.59,864,Mixed-conifer moderate severity fire,-9999,ABIGRA,46,PSEMEN,37,PINPON,9,CALDEC,8,1.4,14,7856,323,8179,57,78,135
METOFIRE,2007,7,30,928,none,none,Eastern Cascades Slopes and Foothills,Metolius River,44.5962,-121.538,1135,8.56,565,Mixed-conifer low severity fire,-9999,PSEMEN,66,ABIGRA,18,PINPON,9,CALDEC,6,1.4,11,5430,362,5792,177,65,242
METOFIRE,2007,8,14,929,none,none,Eastern Cascades Slopes and Foothills,Metolius River,44.5649,-121.4938,1077,8.75,463,Ponderosa pine moderate severity fire,-9999,PINPON,95,CALDEC,5,none,0,none,0,0.9,14,4349,194,4543,29,28,57
METOFIRE,2007,8,1,930,none,none,Eastern Cascades Slopes and Foothills,Metolius River,44.6222,-121.5157,1052,8.16,610,Ponderosa pine moderate severity fire,-9999,PINPON,53,CALDEC,38,PSEMEN,9,none,0,1,13,3688,165,3853,19,109,128
METOFIRE,2007,7,31,931,none,none,Eastern Cascades Slopes and Foothills,Metolius River,44.6089,-121.5146,1060,8.62,545,Ponderosa pine moderate severity fire,-9999,PINPON,42,CALDEC,37,PSEMEN,21,none,0,1,13,3853,158,4011,39,73,113
METOFIRE,2007,8,11,932,none,none,Eastern Cascades Slopes and Foothills,Metolius River,44.5461,-121.6657,931,8.09,597,Ponderosa pine high severity fire,-9999,ABIGRA,50,PSEMEN,28,PINPON,20,CALDEC,3,0,22,8797,0,8797,0,0,0
METOFIRE,2007,7,31,933,609,none,Eastern Cascades Slopes and Foothills,Metolius River,44.6004,-121.5326,1091,8.56,565,Ponderosa pine moderate severity fire,-9999,PINPON,91,CALDEC,7,PSEMEN,2,none,0,0.2,6,204,24,228,28,5,33
METOFIRE,2007,7,31,934,608,none,Eastern Cascades Slopes and Foothills,Metolius River,44.5943,-121.5304,1072,8.56,565,Ponderosa pine high severity fire,-9999,PINPON,38,PSEMEN,38,CALDEC,25,none,0,0,7,157,0,157,0,0,0
METOFIRE,2007,8,13,935,611,none,Eastern Cascades Slopes and Foothills,Metolius River,44.575,-121.539,1041,8.03,729,Ponderosa pine moderate severity fire,-9999,PINPON,57,PSEMEN,36,ABIGRA,3,PINLAM,3,0.8,14,2661,108,2769,48,23,70
METOFIRE,2007,8,13,936,607,none,Eastern Cascades Slopes and Foothills,Metolius River,44.5743,-121.5358,1028,8.57,564,Ponderosa pine low severity fire,-9999,PINPON,60,PSEMEN,29,ABIGRA,8,CALDEC,3,0.6,20,3097,147,3244,69,18,87
METOFIRE,2007,7,14,937,610,none,Eastern Cascades Slopes and Foothills,Metolius River,44.5685,-121.5271,1095,8.57,564,Ponderosa pine low severity fire,-9999,PSEMEN,44,PINPON,33,CALDEC,23,none,0,1.2,19,8094,445,8539,65,83,148
METOFIRE,2007,7,15,938,605,none,Eastern Cascades Slopes and Foothills,Metolius River,44.573,-121.518,978,8.57,564,Ponderosa pine high severity fire,-9999,PSEMEN,53,CALDEC,29,PINPON,18,none,0,0,11,2316,0,2316,0,0,0
METOFIRE,2007,8,14,939,604,none,Eastern Cascades Slopes and Foothills,Metolius River,44.5592,-121.5051,1096,8.75,463,Ponderosa pine moderate severity fire,-9999,PINPON,96,CALDEC,4,ABIGRA,1,none,0,0.3,10,1392,38,1430,14,7,21
METOFIRE,2007,8,13,940,603,none,Eastern Cascades Slopes and Foothills,Metolius River,44.5799,-121.5024,909,9.09,477,Ponderosa pine high severity fire,-9999,PINPON,50,CALDEC,35,PSEMEN,15,none,0,0,7,523,0,523,0,0,0
METOFIRE,2007,8,15,941,601,none,Eastern Cascades Slopes and Foothills,Metolius River,44.5602,-121.5031,1100,8.75,463,Ponderosa pine moderate severity fire,-9999,CALDEC,65,PINPON,35,none,0,none,0,0.2,7,646,40,686,13,9,22
METOFIRE,2007,7,25,942,none,none,Cascades,Metolius River,44.4175,-121.7891,1246,6.36,1731,Mixed-conifer high severity fire,-9999,PSEMEN,87,PINPON,13,none,0,none,0,0.2,10,1730,12,1742,16,6,22
METOFIRE,2007,8,18,943,none,none,Eastern Cascades Slopes and Foothills,Metolius River,44.5015,-121.6767,920,7.44,656,Ponderosa pine low severity fire,-9999,PINPON,98,ABIGRA,2,none,0,CALDEC,0,2.1,14,5876,448,6324,123,55,179
METOFIRE,2007,8,12,944,none,none,Eastern Cascades Slopes and Foothills,Metolius River,44.5064,-121.698,938,7.4,673,Ponderosa pine low severity fire,-9999,LAROCC,60,PSEMEN,23,PINPON,12,ABIGRA,4,0.7,23,1258,39,1297,17,36,53
METOFIRE,2007,8,10,945,none,none,Cascades,Metolius River,44.4948,-121.7358,1060,7.1,1281,Mixed-conifer low severity fire,-9999,ABIGRA,59,PSEMEN,32,PINPON,6,Unknown conifer,3,1.5,14,7710,290,8000,145,53,198
METOFIRE,2007,8,19,946,none,none,Eastern Cascades Slopes and Foothills,Metolius River,44.4559,-121.7115,973,7.02,864,Mixed-conifer low severity fire,-9999,ABIGRA,60,PSEMEN,40,none,0,none,0,1.1,19,9172,396,9568,104,38,142
METOFIRE,2007,8,16,947,none,none,Eastern Cascades Slopes and Foothills,Metolius River,44.4023,-121.723,1100,7.01,777,Mixed-conifer low severity fire,-9999,PSEMEN,40,PINPON,34,ABIGRA,25,none,0,1.5,24,14663,526,15189,70,50,120
METOFIRE,2007,8,18,948,none,none,Cascades,Metolius River,44.4786,-121.7574,1129,6.98,1189,Mixed-conifer low severity fire,-9999,PINPON,87,PSEMEN,10,PINCON,2,ABIGRA,1,1.3,8,1536,199,1735,138,37,175
METOFIRE,2008,6,23,961,804,none,Eastern Cascades Slopes and Foothills,Metolius River,44.4508,-121.6324,917,7.8,510,none,-9999,PINPON,99,PSEMEN,1,none,0,none,0,-9999,19,9398,518,9916,-9999,-9999,-9999
METOFIRE,2008,6,24,962,806,none,Eastern Cascades Slopes and Foothills,Metolius River,44.4526,-121.6691,920,7.84,521,none,-9999,PINPON,95,PINCON,3,ABIGRA,1,none,0,-9999,14,6555,604,7159,-9999,-9999,-9999
METOFIRE,2008,6,24,963,808,none,Eastern Cascades Slopes and Foothills,Metolius River,44.4554,-121.6654,893,7.84,521,"mid-density, single-layer 20m pipo/laoc canopy; dense feid understory",-9999,LAROCC,59,PINPON,38,PSEMEN,3,PINMON,1,-9999,29,8546,278,8824,-9999,-9999,-9999
METOFIRE,2008,6,25,964,803,none,Eastern Cascades Slopes and Foothills,Metolius River,44.4982,-121.6239,914,7.95,581,none,-9999,PINPON,100,none,0,none,0,PINMON,0,-9999,19,6624,476,7100,-9999,-9999,-9999
METOFIRE,2008,6,25,965,27,none,Eastern Cascades Slopes and Foothills,Metolius River,44.4327,-121.6104,1138,7.68,542, East Cascades initaition age class,-9999,PINPON,100,none,0,none,0,none,0,-9999,6,1032,144,1176,-9999,-9999,-9999
METOFIRE,2008,6,27,966,811,US-Me2,Eastern Cascades Slopes and Foothills,Metolius River,44.4513,-121.5575,1254,7.16,600,none,-9999,PINPON,99,CALDEC,1,none,0,PSEMEN,0,-9999,16,5719,520,6239,-9999,-9999,-9999
METOFIRE,2008,6,29,967,36,none,Eastern Cascades Slopes and Foothills,Metolius River,44.4222,-121.6066,1148,7.47,599,none,-9999,PINPON,91,CALDEC,7,ABIGRA,2,none,0,-9999,22,11282,752,12034,-9999,-9999,-9999
METOFIRE,2008,6,29,968,812,none,Eastern Cascades Slopes and Foothills,Metolius River,44.4363,-121.7118,969,7.01,777,"dense, single-layer, 25m abgr canopy; mid-density herbaceous layer",-9999,PSEMEN,68,PINPON,19,ABIGRA,13,CALDEC,1,-9999,23,15653,712,16365,-9999,-9999,-9999
METOFIRE,2008,6,27,969,none,none,Cascades,Metolius River,44.4031,-121.6489,1562,7.42,632,none,-9999,ABIGRA,74,PINPON,25,PSEMEN,1,none,0,-9999,16,10383,623,11006,-9999,-9999,-9999
METOFIRE,2008,6,26,970,none,none,Eastern Cascades Slopes and Foothills,Metolius River,44.4965,-121.5953,1384,7.11,717,none,-9999,PINPON,45,PSEMEN,39,ABIGRA,16,none,0,-9999,8,1034,98,1132,-9999,-9999,-9999
METOFIRE,2008,6,26,971,none,none,Eastern Cascades Slopes and Foothills,Metolius River,44.5427,-121.5669,1280,8.05,546,none,-9999,PINPON,93,PINMON,6,CALDEC,1,none,0,-9999,11,1038,89,1127,-9999,-9999,-9999
METOFIRE,2008,6,26,972,none,none,Eastern Cascades Slopes and Foothills,Metolius River,44.5584,-121.5129,1111,8.75,463,none,-9999,PSEMEN,42,PINPON,37,CALDEC,19,ABIGRA,2,-9999,12,5223,477,5700,-9999,-9999,-9999
METOFIRE,2008,6,26,973,none,none,Eastern Cascades Slopes and Foothills,Metolius River,44.5339,-121.493,1033,8.64,464,none,-9999,PINPON,44,PSEMEN,37,CALDEC,14,ABIGRA,5,-9999,12,4760,430,5190,-9999,-9999,-9999
METOFIRE,2008,6,27,974,none,none,Eastern Cascades Slopes and Foothills,Metolius River,44.5384,-121.5096,1105,8.75,463,none,-9999,PINPON,95,PSEMEN,5,none,0,ABIGRA,0,-9999,7,781,114,895,-9999,-9999,-9999
METOFIRE,2008,6,25,975,none,none,Eastern Cascades Slopes and Foothills,Metolius River,44.525,-121.6259,870,8.09,572,none,-9999,PINPON,99,PSEMEN,1,none,0,ABIGRA,0,-9999,15,7246,599,7845,-9999,-9999,-9999
METOFIRE,2008,6,23,976,none,none,Eastern Cascades Slopes and Foothills,Metolius River,44.513,-121.7156,970,7.4,673,none,-9999,ABIGRA,48,PSEMEN,37,PINPON,11,PICENG,4,-9999,24,18643,723,19366,-9999,-9999,-9999
CADIS,2014,7,10,1000,none,none,Eastern Cascades Slopes and Foothills,Metolius River,44.2321,-121.6701,1567,6.92,646,East Cascades mature grand fir forest,75,ABIGRA,99,PINPON,1,none,0,none,0,5.2,13,8211,615,8826,138,67,205
CADIS,2014,7,15,1001,none,none,Eastern Cascades Slopes and Foothills,Metolius River,44.2411,-121.6842,1509,6.03,843,East Cascades mature grand fir forest,83,ABIGRA,77,PINPON,23,none,0,none,0,6.2,17,20744,740,21484,208,102,311
CADIS,2014,7,16,1002,none,none,Eastern Cascades Slopes and Foothills,Metolius River,44.3165,-121.7562,1429,6.44,1365,East Cascades young grand fir forest,30,ABIGRA,75,PINPON,13,ABIPRO,10,PINCON,2,5.4,13,10662,563,11225,267,73,341
CADIS,2014,7,7,1003,none,none,Eastern Cascades Slopes and Foothills,Metolius River,44.3015,-121.7017,1210,6.81,841,East Cascades mature grand fir forest,57,ABIGRA,81,PINPON,19,none,0,none,0,2.7,19,10124,280,10404,149,41,190
CADIS,2014,7,23,1004,none,none,Cascades,Metolius River,44.3703,-121.758,1278,6.48,1346,East Cascades mature grand fir forest,92,ABIGRA,50,PINPON,50,none,0,none,0,4.2,23,16282,400,16682,170,76,246
CADIS,2014,7,22,1005,none,none,Eastern Cascades Slopes and Foothills,Metolius River,44.3258,-121.6738,1121,7.1,624,East Cascades mature ponderosa pine forest,171,PINPON,100,none,0,none,0,none,0,1.4,26,16027,157,16184,106,36,143
CADIS,2014,7,14,1006,none,none,Eastern Cascades Slopes and Foothills,Metolius River,44.3442,-121.5727,979,7.87,425,East Cascades mature ponderosa pine forest,104,PINPON,100,none,0,none,0,none,0,1.6,18,6941,181,7122,82,42,124
CADIS,2014,7,15,1007,none,none,Eastern Cascades Slopes and Foothills,Metolius River,44.258,-121.6496,1323,6.21,757,East Cascades mature ponderosa pine forest,122,PINPON,97,ABIGRA,3,none,0,none,0,2.6,20,9547,287,9834,192,65,258
CADIS,2014,6,29,1008,none,US-Me6,Eastern Cascades Slopes and Foothills,Metolius River,44.3233,-121.6054,1000,7.78,443,East Cascades young ponderosa pine forest,17,PINPON,100,none,0,none,0,none,0,1.2,7,578,135,713,45,31,77
CADIS,2014,6,29,1009,811,US-Me2,Eastern Cascades Slopes and Foothills,Metolius River,44.4515,-121.5577,1254,7.16,600,East Cascades young ponderosa pine forest,64,PINPON,99,CALDEC,1,none,0,none,0,2,16,8347,228,8575,156,51,206
CADIS,2014,7,7,1010,none,none,Blue Mountains,Metolius River,44.2031,-121.3676,1009,8.45,290,East Cascades mature  western juniper woodland,70,JUNOCC,100,none,0,none,0,none,0,0.2,7,1878,37,1915,10,7,16
CADIS,2014,7,18,1011,none,none,Blue Mountains,Metolius River,44.2471,-121.433,955,8.18,328,East Cascades mature  western juniper woodland,199,JUNOCC,100,none,0,none,0,none,0,0.4,6,2873,55,2928,11,10,21
CADIS,2014,7,8,1012,none,none,Blue Mountains,Metolius River,44.2974,-121.333,930,8.79,248,East Cascades mature  western juniper woodland,91,JUNOCC,100,none,0,none,0,none,0,0.1,8,2600,14,2614,9,2,11
CADIS,2014,7,9,1013,none,none,Blue Mountains,Metolius River,44.3113,-121.3275,910,9,257,East Cascades young western juniper woodland,24,JUNOCC,100,none,0,none,0,none,0,0.3,4,164,48,212,7,9,15
CADIS,2014,7,3,1014,none,none,Blue Mountains,Metolius River,44.264,-121.3435,976,8.67,290,East Cascades mature  western juniper woodland,92,JUNOCC,100,none,0,none,0,none,0,0.4,7,2472,53,2525,9,9,19
